{"r2": -0.02677888998851574, "mae": 0.7345132743362832, "_wandb": {"runtime": 11}}