{"r2": -0.0007633940946523143, "mae": 0.7964601769911505, "_wandb": {"runtime": 9}}