{"r2": -0.015298454542424844, "mae": 0.7168141592920354, "_wandb": {"runtime": 10}}