{"r2": -0.0027051517301910355, "mae": 0.7522123893805309, "_wandb": {"runtime": 10}}