{"r2": -0.0008082127286348495, "mae": 0.7876106194690266, "_wandb": {"runtime": 10}}