{"r2": -0.005076104252458302, "mae": 0.7256637168141593, "_wandb": {"runtime": 11}}