{"r2": -0.0025952884092734774, "mae": 0.7964601769911505, "_wandb": {"runtime": 11}}