{"r2": -0.014646702853025273, "mae": 0.7787610619469026, "_wandb": {"runtime": 10}}