{"r2": -0.012193062159709722, "mae": 0.8141592920353983, "_wandb": {"runtime": 12}}