{"r2": -0.011821003938641494, "mae": 0.8141592920353983, "_wandb": {"runtime": 10}}