{"r2": 0.988950483512359, "mae": 0.008849557522123894, "_wandb": {"runtime": 13}}