{"r2": 0.9965695359500834, "mae": 0.008849557522123894, "_wandb": {"runtime": 12}}