{"r2": 0.13662164134291055, "mae": 0.3523086866770942, "_wandb": {"runtime": 10}}