{"r2": -0.01880707224450484, "mae": 0.831858407079646, "_wandb": {"runtime": 10}}