{"r2": -0.008828964636664827, "mae": 1.0176991150442478, "_wandb": {"runtime": 11}}