{"r2": -0.008457351203198904, "mae": 0.7168141592920354, "_wandb": {"runtime": 10}}