{"r2": -0.01289586990868763, "mae": 0.7964601769911505, "_wandb": {"runtime": 11}}