{"r2": -0.0002493373717584735, "mae": 0.7610619469026548, "_wandb": {"runtime": 13}}