{"r2": -0.0009499232502065968, "mae": 0.7964601769911505, "_wandb": {"runtime": 10}}