{"r2": -6.117280452833107e-05, "mae": 0.831858407079646, "_wandb": {"runtime": 11}}