{"r2": -0.049809448447176496, "mae": 0.7964601769911505, "_wandb": {"runtime": 12}}