{"r2": -0.0015918193439765638, "mae": 0.8141592920353983, "_wandb": {"runtime": 10}}