{"r2": -0.014612859203052997, "mae": 0.7610619469026548, "_wandb": {"runtime": 11}}