{"r2": -0.022615903360205802, "mae": 0.7522123893805309, "_wandb": {"runtime": 13}}