{"r2": -0.06662927601304336, "mae": 0.7345132743362832, "_wandb": {"runtime": 9}}