{"r2": -0.01625932248342199, "mae": 0.7079646017699115, "_wandb": {"runtime": 11}}