{"r2": -0.014964906444510317, "mae": 0.8053097345132744, "_wandb": {"runtime": 10}}