{"r2": -0.014719560207370641, "mae": 0.7610619469026548, "_wandb": {"runtime": 11}}