{"r2": -0.021076232939916784, "mae": 0.7433628318584071, "_wandb": {"runtime": 12}}