{"r2": -0.007149823948018996, "mae": 0.7964601769911505, "_wandb": {"runtime": 11}}