{"r2": 0.9921118139120045, "mae": 0.008849557522123894, "_wandb": {"runtime": 12}}