{"r2": 0.8623622901556376, "mae": 0.7876106194690266, "_wandb": {"runtime": 14}}