{"r2": -0.029272440377743347, "mae": 0.7522123893805309, "_wandb": {"runtime": 12}}