{"r2": 0.9879367819320624, "mae": 0.02654867256637168, "_wandb": {"runtime": 12}}