{"r2": -0.008475055503579076, "mae": 0.8141592920353983, "_wandb": {"runtime": 10}}