{"r2": -0.0004309072864601138, "mae": 0.831858407079646, "_wandb": {"runtime": 11}}