{"r2": -0.02295664469253289, "mae": 0.8407079646017699, "_wandb": {"runtime": 10}}