{"r2": -0.005452187364100247, "mae": 0.8230088495575221, "_wandb": {"runtime": 10}}