{"r2": -0.00010199542353905855, "mae": 0.7699115044247787, "_wandb": {"runtime": 12}}