{"r2": -0.00021852696795909843, "mae": 0.8053097345132744, "_wandb": {"runtime": 9}}