{"r2": -0.0036662730562220247, "mae": 0.8230088495575221, "_wandb": {"runtime": 10}}