{"r2": -0.005953999847099878, "mae": 0.7522123893805309, "_wandb": {"runtime": 11}}