{"r2": -0.023263562485995593, "mae": 4.115044247787611, "_wandb": {"runtime": 12}}