{"r2": -0.005384843054619504, "mae": 0.7345132743362832, "_wandb": {"runtime": 10}}