{"r2": 0.9924197706377463, "mae": 0.008849557522123894, "_wandb": {"runtime": 13}}