{"r2": -0.0012553521563662962, "mae": 0.7345132743362832, "_wandb": {"runtime": 12}}