{"r2": -0.0044449693914756505, "mae": 0.7699115044247787, "_wandb": {"runtime": 11}}