{"r2": 0.993381125648523, "mae": 0.008849557522123894, "_wandb": {"runtime": 13}}