{"r2": -0.011018915723672862, "mae": 0.7610619469026548, "_wandb": {"runtime": 11}}