{"r2": -0.00812523641000129, "mae": 0.8230088495575221, "_wandb": {"runtime": 10}}