{"r2": -0.020037828103816935, "mae": 0.7787610619469026, "_wandb": {"runtime": 12}}