{"r2": 0.9944652488577145, "mae": 0.008849557522123894, "_wandb": {"runtime": 14}}