{"r2": -0.00621536283328461, "mae": 0.7610619469026548, "_wandb": {"runtime": 11}}