{"r2": -0.0002601874014445116, "mae": 0.8141592920353983, "_wandb": {"runtime": 13}}