{"r2": -7.69354055789595e-05, "mae": 0.7787610619469026, "_wandb": {"runtime": 12}}