{"r2": 0.18035516863687773, "mae": 0.3522733467318076, "_wandb": {"runtime": 12}}