{"r2": -0.01920684458309596, "mae": 0.8053097345132744, "_wandb": {"runtime": 11}}