{"r2": -0.013321465931966703, "mae": 0.7168141592920354, "_wandb": {"runtime": 10}}