{"r2": -0.015136596935440227, "mae": 0.7964601769911505, "_wandb": {"runtime": 11}}