{"r2": -0.0003708999294556037, "mae": 0.7522123893805309, "_wandb": {"runtime": 11}}