{"r2": -0.001919352542655517, "mae": 0.7345132743362832, "_wandb": {"runtime": 13}}