{"r2": -0.002434351910933552, "mae": 0.8053097345132744, "_wandb": {"runtime": 10}}