{"r2": -0.005683727134451644, "mae": 0.8584070796460177, "_wandb": {"runtime": 10}}