{"r2": -0.005027054551696164, "mae": 0.7964601769911505, "_wandb": {"runtime": 10}}