{"r2": -0.002000966853483055, "mae": 0.8230088495575221, "_wandb": {"runtime": 13}}