{"r2": -0.010405221671833997, "mae": 0.8141592920353983, "_wandb": {"runtime": 10}}