{"r2": -0.0014893593287033102, "mae": 0.7699115044247787, "_wandb": {"runtime": 9}}