{"r2": -0.013765840569381016, "mae": 0.8053097345132744, "_wandb": {"runtime": 11}}