{"r2": 2.6319505063709947e-05, "mae": 0.7256637168141593, "_wandb": {"runtime": 10}}