{"r2": -0.009644901216800283, "mae": 0.8584070796460177, "_wandb": {"runtime": 10}}