{"r2": -0.011959542191588568, "mae": 0.7787610619469026, "_wandb": {"runtime": 11}}