{"r2": -0.012443201840931062, "mae": 0.7964601769911505, "_wandb": {"runtime": 11}}