{"r2": -0.009751312796604461, "mae": 0.7876106194690266, "_wandb": {"runtime": 9}}