{"r2": -0.013980169236716744, "mae": 0.8672566371681416, "_wandb": {"runtime": 9}}