{"r2": -2.231991525423728, "mae": 0.831858407079646, "_wandb": {"runtime": 11}}