{"r2": -0.013878646327866395, "mae": 0.7610619469026548, "_wandb": {"runtime": 10}}