{"r2": 0.18571083739244743, "mae": 0.35527014308254146, "_wandb": {"runtime": 17}}