{"r2": -0.006117566628645266, "mae": 0.7876106194690266, "_wandb": {"runtime": 12}}