{"r2": 0.8623622901556376, "mae": 0.8592675210304344, "_wandb": {"runtime": 11}}