{"r2": -0.0003855519120516959, "mae": 0.7345132743362832, "_wandb": {"runtime": 9}}