{"r2": -0.0017030511270899051, "mae": 0.7079646017699115, "_wandb": {"runtime": 11}}