{"r2": -3.0295510079413566, "mae": 1.0265486725663717, "_wandb": {"runtime": 12}}