{"r2": -0.006536409523593578, "mae": 0.7433628318584071, "_wandb": {"runtime": 12}}