{"r2": -0.006594982602949662, "mae": 0.8053097345132744, "_wandb": {"runtime": 11}}