{"r2": -6.73788474709891e-05, "mae": 0.7964601769911505, "_wandb": {"runtime": 11}}