{"r2": -0.002642189393319505, "mae": 0.7699115044247787, "_wandb": {"runtime": 17}}