{"r2": -0.0029436563699272167, "mae": 0.7876106194690266, "_wandb": {"runtime": 9}}