{"r2": -0.015484849302085602, "mae": 0.7876106194690266, "_wandb": {"runtime": 10}}