{"r2": -0.003916912647838444, "mae": 0.7699115044247787, "_wandb": {"runtime": 11}}