{"r2": 0.23026813145840141, "mae": 0.3456691445784275, "_wandb": {"runtime": 13}}