{"r2": -0.0011143456104283356, "mae": 0.831858407079646, "_wandb": {"runtime": 13}}