{"r2": -0.01131604542904241, "mae": 0.8141592920353983, "_wandb": {"runtime": 9}}