{"r2": -0.019645724509969043, "mae": 0.831858407079646, "_wandb": {"runtime": 9}}