{"r2": -0.00036620265458742196, "mae": 0.3948420255519291, "_wandb": {"runtime": 10}}