{"r2": -0.01132254916017117, "mae": 0.7876106194690266, "_wandb": {"runtime": 9}}