{"r2": -0.025424302210103944, "mae": 0.7256637168141593, "_wandb": {"runtime": 12}}