{"r2": -0.005534765121190555, "mae": 0.9646017699115044, "_wandb": {"runtime": 12}}