{"r2": -0.023732197069864958, "mae": 0.8141592920353983, "_wandb": {"runtime": 10}}