{"r2": 0.0038564670804742684, "mae": 0.6548672566371682, "_wandb": {"runtime": 11}}