{"r2": -0.017074361075676503, "mae": 0.7876106194690266, "_wandb": {"runtime": 10}}