{"r2": -0.0005626398993499038, "mae": 0.9292035398230089, "_wandb": {"runtime": 11}}