{"r2": -0.005391549682925323, "mae": 0.7433628318584071, "_wandb": {"runtime": 12}}