{"r2": -0.00011735058708972623, "mae": 0.7787610619469026, "_wandb": {"runtime": 12}}