{"r2": -0.012984115607054036, "mae": 0.8407079646017699, "_wandb": {"runtime": 9}}