{"r2": -7.521130432786016e-05, "mae": 0.8141592920353983, "_wandb": {"runtime": 10}}