{"r2": -0.03857008828036257, "mae": 0.7522123893805309, "_wandb": {"runtime": 9}}