{"r2": -0.0021279461004692912, "mae": 0.7345132743362832, "_wandb": {"runtime": 10}}