{"r2": -0.017380749490071068, "mae": 0.7522123893805309, "_wandb": {"runtime": 10}}