{"r2": 0.004112697524548088, "mae": 2.0678466076696167, "_wandb": {"runtime": 13}}