{"r2": 0.055446381355052976, "mae": 0.3796751900087986, "_wandb": {"runtime": 10}}