{"r2": -0.002445722840625386, "mae": 0.7433628318584071, "_wandb": {"runtime": 10}}