{"r2": -0.0024327906840360125, "mae": 0.911504424778761, "_wandb": {"runtime": 12}}