{"r2": -0.04089246998589435, "mae": 0.8053097345132744, "_wandb": {"runtime": 13}}