{"r2": -0.003629557194265054, "mae": 0.7787610619469026, "_wandb": {"runtime": 9}}