{"r2": -0.0010142127764964926, "mae": 0.7787610619469026, "_wandb": {"runtime": 12}}