{"r2": -1.0229372935377512e-06, "mae": 0.7787610619469026, "_wandb": {"runtime": 11}}