{"r2": -0.008544909304018633, "mae": 0.8053097345132744, "_wandb": {"runtime": 9}}