{"r2": -0.00281056000999258, "mae": 0.7876106194690266, "_wandb": {"runtime": 10}}