{"r2": -0.03715819021067768, "mae": 0.8230088495575221, "_wandb": {"runtime": 10}}