{"r2": -0.00010202961378946718, "mae": 0.8053097345132744, "_wandb": {"runtime": 11}}