{"r2": 0.6578032108837273, "mae": 0.4015522259101333, "_wandb": {"runtime": 10}}