{"r2": -0.0008442005127957675, "mae": 0.7787610619469026, "_wandb": {"runtime": 11}}