{"r2": -0.000878725425641047, "mae": 0.7522123893805309, "_wandb": {"runtime": 10}}