{
    "Date": [
        1.6860744,
        1.6860816,
        1.6861608,
        1.6861644,
        1.686168
    ],
    "Prediction": [
        0.75456964423668,
        0.3477690856238639,
        0.7284282306313105,
        0.6450639981060996,
        0.7291418406527259
    ]
}