{
    "Date": [
        1.6860744,
        1.6860816,
        1.6861608,
        1.6861644,
        1.686168
    ],
    "Prediction": [
        0.7242295139592113,
        0.32274106162500327,
        0.6868541302522939,
        0.6276877130522595,
        0.6793032291364494
    ]
}