{
    "Date": [
        1.6864164,
        1.6864236,
        1.6864992,
        1.6865061
    ],
    "Prediction": [
        0.4042084691233758,
        0.12942970210421145,
        0.13012488597869132,
        0.2918407053459101
    ]
}