{"r2": -0.0004130647034958912, "mae": 0.7610619469026548, "_wandb": {"runtime": 9}}