{"r2": 0.0006129837352749634, "mae": 0.7787610619469026, "_wandb": {"runtime": 19}}