{"r2": -0.0029965506987259527, "mae": 0.8230088495575221, "_wandb": {"runtime": 9}}