{"r2": -0.010099291021319345, "mae": 0.7522123893805309, "_wandb": {"runtime": 13}}