{"r2": -0.019921103855645494, "mae": 0.7699115044247787, "_wandb": {"runtime": 9}}