{"r2": 0.9160821116755701, "mae": 0.05309734513274336, "_wandb": {"runtime": 12}}