{"r2": -1.1702933900847867e-05, "mae": 0.7699115044247787, "_wandb": {"runtime": 9}}