{"r2": -0.004118109309361628, "mae": 0.7345132743362832, "_wandb": {"runtime": 10}}