{"r2": -0.004331508708872667, "mae": 0.7699115044247787, "_wandb": {"runtime": 9}}