{"r2": -0.016569886492689534, "mae": 0.7433628318584071, "_wandb": {"runtime": 10}}