{"r2": 0.16687677182781013, "mae": 0.36319088113833, "_wandb": {"runtime": 13}}