{"r2": -0.015535493012732715, "mae": 0.8053097345132744, "_wandb": {"runtime": 9}}