{"r2": -0.0022499460508125235, "mae": 0.8407079646017699, "_wandb": {"runtime": 11}}