{"r2": -0.007718786568489788, "mae": 0.8141592920353983, "_wandb": {"runtime": 11}}